heat,task_type,group,group_size,laps,speed_ms,speed_kmh,rawScore,score,landing,isIllegal,zoneEntered,isWorst_dropped,startOrder,within_grp_rank,grp_rank_int,leader_laps,leader_speed_kmh,leader_score,leader_landing,laps_deficit,speed_deficit_kmh,score_gap_to_leader
Heat 1,distance,Group D,9,7,6.91,24.88,1955,751,600,False,False,False,6,8/9,8,10,34.06,1000,600,-3,-9.18,-249
Heat 2,distance,Group D,9,18,16.973,61.1,4194,838,600,False,False,False,7,5/9,5,22,76.42,1000,600,-4,-15.32,-162
Heat 3,distance,Group A,10,6,6.457,23.25,1800,750,600,False,False,False,5,7/10,7,9,31.85,1000,600,-3,-8.61,-250
Heat 4,speed,Group A,38,1,30.297,109.07,139,695,0,False,False,False,32,29/38,29,1,156.4,1000,0,0,-47.33,-305
Heat 5,distance,Group C,9,9,8.822,31.76,2400,800,600,False,False,False,7,7/9,7,12,40.72,1000,600,-3,-8.96,-200
Heat 6,distance,Group D,9,10,11.772,42.38,2600,684,600,False,False,False,5,6/9,6,16,57.38,1000,600,-6,-15.0,-316
Heat 7,distance,Group B,10,5,13.189,47.48,1598,998,600,False,False,False,4,2/10,2,5,48.02,1000,600,0,-0.54,-2
Heat 8,distance,Group A,10,9,8.744,31.48,2396,798,600,False,False,False,2,8/10,8,12,40.86,1000,600,-3,-9.38,-202
Heat 9,distance,Group D,9,3,9.082,32.69,1162,581,600,False,False,False,6,6/9,6,7,24.08,1000,600,-4,8.61,-419
Heat 10,speed,Group A,38,1,31.339,112.82,147,735,0,False,False,False,37,29/38,29,1,153.25,1000,0,0,-40.43,-265
Heat 11,distance,Group C,9,12,12.132,43.68,3000,833,600,False,False,False,2,3/9,3,15,51.32,1000,600,-3,-7.65,-167
Heat 12,distance,Group A,10,2,4.534,16.32,920,418,600,False,False,True,6,6/10,6,8,29.29,1000,600,-6,-12.97,-582
Heat 13,distance,Group D,9,10,12.026,43.29,2600,722,600,False,False,False,8,6/9,6,15,53.85,1000,600,-5,-10.55,-278
Heat 14,distance,Group A,10,12,11.881,42.77,3000,789,600,False,False,False,6,6/10,6,16,54.71,1000,600,-4,-11.93,-211
Heat 15,distance,Group B,10,6,8.382,30.17,1758,879,600,False,False,False,7,4/10,4,7,29.69,1000,600,-1,0.48,-121
Heat 16,speed,Group A,38,1,30.595,110.14,142,710,0,False,False,False,30,28/38,28,1,154.94,1000,0,0,-44.8,-290
Heat 17,distance,Group B,10,13,12.391,44.61,3199,999,600,False,False,False,6,2/10,2,13,44.77,1000,600,0,-0.16,-1
