round,heat,task_type,start_datetime_local,wx_hour_local,wind_speed_kmh,wind_gust_kmh,wind_dir_deg,temp_c,cloud_pct,shortwave_radiation,laps,speed_kmh,normalised_score,within_group_rank,group,group_size,rawScore,rel_humidity,cloud_low_pct,surface_pressure,boundary_layer_height,leader_laps,leader_speed_kmh,laps_deficit,speed_deficit_kmh
R01,Heat 1,distance,2026-08-03 12:55,2026-08-03T13:00,6.4,19.4,72,28.0,9,785.0,7,24.88,751,8,Group D,9,1955,51,0,997.9,760.0,10,34.06,-3,-9.18
R02,Heat 2,distance,2026-08-03 16:25,2026-08-03T16:00,5.6,18.0,57,31.0,5,678.0,18,61.1,838,5,Group D,9,4194,39,0,996.5,1750.0,22,76.42,-4,-15.32
R03,Heat 3,distance,2026-08-03 17:20,2026-08-03T17:00,5.1,16.2,45,30.9,7,557.0,6,23.25,750,7,Group A,10,1800,39,0,996.2,1775.0,9,31.85,-3,-8.6
R04,Heat 4,speed,2026-08-04 11:00,2026-08-04T11:00,4.2,17.3,115,26.0,6,591.0,1,109.07,695,29,Group A,38,139,67,0,996.3,255.0,1,156.4,0,-47.33
R05,Heat 5,distance,2026-08-04 15:00,2026-08-04T15:00,4.3,18.7,33,31.9,24,764.0,9,31.76,800,7,Group C,9,2400,48,0,995.1,970.0,12,40.72,-3,-8.96
R06,Heat 6,distance,2026-08-04 18:55,2026-08-04T19:00,4.6,20.5,99,28.5,10,249.0,10,42.38,684,6,Group D,9,2600,63,0,994.9,205.0,16,57.38,-6,-15.0
R07,Heat 7,distance,2026-08-05 11:50,2026-08-05T12:00,9.3,24.1,260,30.2,13,648.0,5,47.48,998,2,Group B,10,1598,48,0,997.4,1155.0,5,48.02,0,-0.54
R08,Heat 8,distance,2026-08-05 13:55,2026-08-05T14:00,6.6,26.3,257,27.3,25,730.0,9,31.48,798,8,Group A,10,2396,68,1,997.4,385.0,12,40.86,-3,-9.38
R09,Heat 9,distance,2026-08-05 20:00,2026-08-05T20:00,4.7,18.0,171,27.7,30,110.0,3,32.69,581,6,Group D,9,1162,65,0,996.1,55.0,7,24.08,-4,8.61
R10,Heat 10,speed,2026-08-06 11:10,2026-08-06T11:00,12.1,27.4,281,26.9,8,626.0,1,112.82,735,29,Group A,38,147,48,6,999.7,1920.0,1,153.25,0,-40.43
R11,Heat 11,distance,2026-08-06 15:25,2026-08-06T15:00,18.2,37.8,272,29.0,7,750.0,12,43.68,833,3,Group C,9,3000,34,1,999.3,2145.0,15,51.32,-3,-7.64
R12,Heat 12,distance,2026-08-06 17:05,2026-08-06T17:00,16.9,34.6,262,29.1,13,548.0,2,16.32,418,6,Group A,10,920,32,0,998.9,2345.0,8,29.29,-6,-12.97
R13,Heat 13,distance,2026-08-07 13:20,2026-08-07T13:00,10.3,25.2,285,22.5,32,615.0,10,43.29,722,6,Group D,9,2600,42,13,1004.6,2010.0,15,53.85,-5,-10.56
R14,Heat 14,distance,2026-08-07 14:30,2026-08-07T15:00,11.7,27.4,306,23.4,84,683.0,12,42.77,789,6,Group A,10,3000,38,2,1004.0,2150.0,16,54.71,-4,-11.94
R15,Heat 15,distance,2026-08-07 18:40,2026-08-07T19:00,11.5,22.0,3,22.5,5,258.0,6,30.17,879,4,Group B,10,1758,36,0,1002.9,1865.0,7,29.69,-1,0.48
R16,Heat 16,speed,2026-08-08 11:00,2026-08-08T11:00,8.4,22.3,75,20.3,0,650.0,1,110.14,710,28,Group A,38,142,50,0,1006.4,955.0,1,154.94,0,-44.8
R17,Heat 17,distance,2026-08-08 13:25,2026-08-08T13:00,8.3,23.4,72,22.6,0,811.0,13,44.61,999,2,Group B,10,3199,41,0,1005.9,1540.0,13,44.77,0,-0.16
