heat,heat_flights,bill_laps,bill_speed_kmh,bill_heat_laps_pctile,bill_heat_speed_pctile,bill_grp_laps_pctile,bill_grp_speed_pctile,heat_laps_median,heat_speed_kmh_median,heat_laps_max,heat_speed_kmh_max
Heat 1,38,7,24.88,44.7,2.6,0.0,0.0,7.0,34.95,11,50.7
Heat 2,38,18,61.1,84.2,86.8,33.3,44.4,12.0,41.75,22,76.42
Heat 3,38,6,23.25,2.6,7.9,10.0,30.0,12.0,41.59,24,81.53
Heat 4,38,1,109.07,5.3,18.4,5.3,18.4,1.0,125.56,1,156.4
Heat 5,38,9,31.76,60.5,55.3,11.1,11.1,8.0,31.43,12,43.92
Heat 6,38,10,42.38,36.8,68.4,22.2,33.3,10.5,37.64,16,57.38
Heat 7,38,5,47.48,18.4,71.1,50.0,80.0,5.0,45.04,10,54.43
Heat 8,38,9,31.48,26.3,21.1,20.0,20.0,10.0,35.1,14,47.93
Heat 9,38,3,32.69,15.8,86.8,0.0,66.7,5.0,30.06,9,40.32
Heat 10,38,1,112.82,10.5,18.4,10.5,18.4,1.0,128.62,1,153.25
Heat 11,38,12,43.68,73.7,84.2,55.6,66.7,9.0,33.62,15,51.32
Heat 12,38,2,16.32,18.4,15.8,30.0,20.0,4.0,29.2,14,49.93
Heat 13,38,10,43.29,52.6,71.1,22.2,44.4,9.0,37.68,17,58.45
Heat 14,38,12,42.77,73.7,84.2,20.0,40.0,8.5,29.94,16,54.71
Heat 15,38,6,30.17,34.2,28.9,60.0,40.0,6.5,34.88,15,53.78
Heat 16,38,1,110.14,21.1,26.3,21.1,26.3,1.0,130.02,1,154.94
Heat 17,38,13,44.61,65.8,57.9,80.0,50.0,12.0,41.81,17,58.48
