round,heat,group_id,task_type,role,pilot,country,rank,group_size,laps,avg_speed_kmh,rawScore,score,landing_pts,isIllegal,zoneEntered,entry_alt_m,entry_alt_margin_m,entry_speed_kmh,entry_speed_margin_kmh,peak_alt_m,alt_start_m,alt_end_m,racing_dur_s,overall_sink_ms,climb_frac,height_gain_m,mean_climb_ms,best_sustained_climb_ms,turn_radius_m,time_to_connect_s,fastest_clean_lap_speed_kmh,fastest_clean_lap_dist_m,fastest_clean_lap_eff_vs_course,line_eff_ratio_bill_vs_leader,biggest_loss_note
1,Heat 1,5698,triangle,BILL,Bill Maisey,gb,8,9,7,24.9,1955,751,600,False,False,386.3,13.7,75.1,44.9,646,386.3,149,1782,0.133,0.387,843,0.73,1.23,39.4,6.0,52.2,1896,1.12,1.009,Leader gained 2 laps here while Bill held station (slow lap / weak line).
1,Heat 1,5698,triangle,leader,Ralph Losemann,de,1,9,10,34.1,2600,1000,600,False,False,394.9,5.1,101.4,18.6,629,394.9,147,1874,0.132,0.384,995,0.65,1.21,34.6,0.0,70.0,1879,1.11,,
2,Heat 2,5702,triangle,BILL,Bill Maisey,gb,5,9,18,61.1,4194,838,600,False,False,397.3,2.7,61.4,58.6,720,397.3,147,1896,0.132,0.491,2489,1.39,2.37,97.5,5.0,103.1,1884,1.11,0.976,Leader gained 1 lap here while Bill was thermalling low (climbed +64 m).
2,Heat 2,5702,triangle,leader,Andrej Vrecer,si,1,9,22,76.4,5000,1000,600,False,False,381.1,18.9,59.4,60.6,858,381.1,147,1805,0.13,0.488,2473,1.71,3.51,116.3,3.0,106.5,1929,1.14,,
3,Heat 3,5703,triangle,BILL,Bill Maisey,gb,7,10,6,23.2,1800,750,600,False,False,382.9,17.1,51.1,68.9,592,382.9,152,1727,0.134,0.441,1159,1.14,2.34,41.6,0.0,31.2,3214,1.9,1.361,Leader gained 1 lap here while Bill was thermalling low (climbed +30 m).
3,Heat 3,5703,triangle,leader,Damien Ythier,ch,1,10,9,31.9,2400,1000,600,False,False,385.3,14.7,105.5,14.5,799,385.3,149,1816,0.13,0.455,1732,1.47,3.04,31.8,13.0,53.4,2362,1.4,,
4,Heat 4,5711,speedrun,BILL,Bill Maisey,gb,29,38,1,109.1,139,695,0,False,False,353.8,46.2,88.9,31.1,571,353.8,151,100,2.028,0.08,100,1.04,0.0,215.8,,109.1,2168,1.28,1.193,Speed-run: leader 47 km/h faster on the single run.
4,Heat 4,5711,speedrun,leader,Ralph Losemann,de,1,38,1,156.4,200,1000,0,False,False,398.6,1.4,98.5,21.5,654,398.6,150,85,2.925,0.047,59,0.22,0.0,90.1,,156.4,1817,1.07,,
5,Heat 5,5714,triangle,BILL,Bill Maisey,gb,7,9,9,31.8,2400,800,600,False,False,400.1,-0.1,58.2,61.8,620,400.1,147,1849,0.137,0.415,1204,0.94,1.7,49.4,0.0,64.8,1996,1.18,1.1,Leader gained 1 lap here while Bill held station (slow lap / weak line).
5,Heat 5,5714,triangle,leader,Ralph Losemann,de,1,9,12,40.7,3000,1000,600,False,False,395.6,4.4,77.3,42.7,750,395.6,150,1837,0.134,0.414,1388,1.08,2.51,35.8,0.0,88.6,1815,1.07,,
6,Heat 6,5719,triangle,BILL,Bill Maisey,gb,6,9,10,42.4,2600,684,600,False,False,400.5,-0.5,92.1,27.9,644,400.5,149,1696,0.148,0.383,1038,0.82,1.44,70.0,0.0,58.8,2076,1.23,1.142,Leader gained 1 lap here while Bill held station (slow lap / weak line).
6,Heat 6,5719,triangle,leader,Oliver Ladach,de,1,9,16,57.4,3800,1000,600,False,False,385.9,14.1,120.5,-0.5,784,385.9,148,1756,0.135,0.428,1177,0.78,1.82,107.4,0.0,82.1,1818,1.08,,
7,Heat 7,5721,triangle,BILL,Bill Maisey,gb,2,10,5,47.5,1598,998,600,False,False,382.1,17.9,80.1,39.9,612,382.1,150,768,0.302,0.096,143,0.22,0.03,119.4,,49.3,1890,1.12,1.051,Leader gained 1 lap here while Bill held station (slow lap / weak line).
7,Heat 7,5721,triangle,leader,Randolph Brömer,de,1,10,5,48.0,1600,1000,600,False,False,395.3,4.7,108.1,11.9,601,395.3,148,1058,0.234,0.123,161,0.26,0.18,39.2,35.0,50.1,1798,1.06,,
8,Heat 8,5724,triangle,BILL,Bill Maisey,gb,8,10,9,31.5,2396,798,600,False,False,385.8,14.2,81.1,38.9,627,385.8,152,1871,0.125,0.406,1195,0.82,1.82,43.0,8.0,90.3,1928,1.14,1.066,Leader gained 1 lap here while Bill was thermalling low (climbed +41 m).
8,Heat 8,5724,triangle,leader,Florian Griese,de,1,10,12,40.9,3000,1000,600,False,False,394.7,5.3,117.1,2.9,659,394.7,151,1825,0.134,0.398,889,0.81,1.78,34.9,2.0,94.2,1810,1.07,,
9,Heat 9,5731,triangle,BILL,Bill Maisey,gb,6,9,3,32.7,1162,581,600,False,False,376.5,23.5,76.1,43.9,602,376.5,149,678,0.336,0.196,150,0.49,0.85,49.1,,52.3,1922,1.14,1.047,Leader gained 1 lap here while Bill held station (slow lap / weak line).
9,Heat 9,5731,triangle,leader,Andrej Vrecer,si,1,9,7,24.1,2000,1000,600,False,False,384.3,15.7,95.1,24.9,605,384.3,149,1803,0.131,0.401,679,0.53,0.82,23.0,0.0,60.3,1835,1.09,,
10,Heat 10,5736,speedrun,BILL,Bill Maisey,gb,29,38,1,112.8,147,735,0,False,False,325.7,74.3,96.1,23.9,614,325.7,153,96,1.799,0.062,59,0.61,0.0,463.4,,112.8,2127,1.26,1.163,Speed-run: leader 40 km/h faster on the single run.
10,Heat 10,5736,speedrun,leader,Benjamin Dähn,de,1,38,1,153.3,200,1000,0,False,False,380.8,19.2,106.0,14.0,632,380.8,150,208,1.11,0.25,93,0.87,0.65,61.2,,153.3,1830,1.08,,
11,Heat 11,5763,triangle,BILL,Bill Maisey,gb,3,9,12,43.7,3000,833,600,False,False,369.9,30.1,67.6,52.4,816,369.9,150,1859,0.118,0.377,1495,1.31,4.13,70.4,0.0,71.7,2043,1.21,1.083,Leader gained 1 lap here while Bill was thermalling low (climbed -23 m).
11,Heat 11,5763,triangle,leader,DANIEL AEBERLI,ch,1,9,15,51.3,3600,1000,600,False,False,384.6,15.4,69.6,50.4,830,384.6,154,1858,0.124,0.396,1446,1.42,4.34,53.0,5.0,92.7,1887,1.12,,
12,Heat 12,5769,triangle,BILL,Bill Maisey,gb,6,10,2,16.3,920,418,600,False,False,389.1,10.9,81.3,38.7,610,389.1,151,886,0.269,0.354,369,0.68,0.8,42.0,1.0,19.7,4622,2.74,2.541,Leader gained 1 lap here while Bill held station (slow lap / weak line).
12,Heat 12,5769,triangle,leader,Jens Geider,de,1,10,8,29.3,2200,1000,600,False,False,398.7,1.3,73.1,46.9,599,398.7,147,1836,0.137,0.404,1161,0.81,2.07,40.9,0.0,64.3,1819,1.08,,
13,Heat 13,5776,triangle,BILL,Bill Maisey,gb,6,9,10,43.3,2600,722,600,False,False,358.7,41.3,61.1,58.9,812,358.7,154,1706,0.12,0.403,1375,1.42,3.01,60.8,0.0,68.5,2055,1.22,1.068,Leader gained 1 lap here while Bill was thermalling low (climbed +110 m).
13,Heat 13,5776,triangle,leader,Philip Kolb,de,1,9,15,53.8,3600,1000,600,False,False,399.5,0.5,99.4,20.6,835,399.5,152,1809,0.137,0.438,1704,1.52,2.77,63.4,0.0,74.0,1924,1.14,,
14,Heat 14,5777,triangle,BILL,Bill Maisey,gb,6,10,12,42.8,3000,789,600,False,False,388.1,11.9,85.2,34.8,820,388.1,151,1944,0.122,0.432,2000,1.47,3.07,72.1,4.0,86.0,1910,1.13,1.007,Leader gained 1 lap here while Bill was thermalling low (climbed +50 m).
14,Heat 14,5777,triangle,leader,Benjamin Dähn,de,1,10,16,54.7,3800,1000,600,False,False,390,10.0,120.9,-0.9,764,390,151,1922,0.124,0.442,1910,1.63,3.33,47.1,0.0,83.5,1897,1.12,,
15,Heat 15,5782,triangle,BILL,Bill Maisey,gb,4,10,6,30.2,1758,879,600,False,False,396.9,3.1,55.1,64.9,681,396.9,155,1344,0.18,0.379,773,1.05,1.95,48.8,6.0,54.0,1885,1.12,0.913,"Leader gained 1 lap here while Bill was sinking (-64 m, searching for lift)."
15,Heat 15,5782,triangle,leader,Philip Kolb,de,1,10,7,29.7,2000,1000,600,False,False,390,10.0,104.8,15.2,755,390,153,1472,0.161,0.436,1040,1.04,2.57,35.8,7.0,60.5,2065,1.22,,
16,Heat 16,5789,speedrun,BILL,Bill Maisey,gb,28,38,1,110.1,142,710,0,False,False,352.8,47.2,97.2,22.8,601,352.8,152,107,1.877,0.075,43,1.07,0.0,90.4,,110.2,2287,1.35,1.246,Speed-run: leader 45 km/h faster on the single run.
16,Heat 16,5789,speedrun,leader,Benjamin Dähn,de,1,38,1,154.9,200,1000,0,False,False,399.5,0.5,70.2,49.8,628,399.5,152,96,2.578,0.062,44,0.54,0.0,75.6,,154.9,1836,1.09,,
17,Heat 17,5815,triangle,BILL,Bill Maisey,gb,2,10,13,44.6,3199,999,600,False,False,383.4,16.6,66.1,53.9,764,383.4,152,1884,0.123,0.412,1567,1.29,3.0,71.6,0.0,69.8,1987,1.18,1.065,Leader gained 1 lap here while Bill was thermalling low (climbed +47 m).
17,Heat 17,5815,triangle,leader,Jens Geider,de,1,10,13,44.8,3200,1000,600,False,False,395,5.0,71.2,48.8,864,395,151,1866,0.131,0.43,2256,1.35,2.73,56.3,0.0,87.5,1866,1.1,,
