flight,role,pilot,lap,dur_s,avg_speed_kmh,ground_dist_m,efficiency_ratio,alt_at_lap_m
strong,BILL,Bill Maisey,1,167.4,22.6,2847,2.712,484
strong,BILL,Bill Maisey,2,128.1,29.5,2274,2.166,551
strong,BILL,Bill Maisey,3,93.9,40.2,1979,1.885,592
strong,BILL,Bill Maisey,4,87.2,43.4,1987,1.893,601
strong,BILL,Bill Maisey,5,96.9,39.0,2078,1.979,548
strong,BILL,Bill Maisey,6,124.8,30.3,2276,2.168,520
strong,BILL,Bill Maisey,7,104.1,36.3,1865,1.777,469
strong,BILL,Bill Maisey,8,112.7,33.5,1885,1.795,392
strong,BILL,Bill Maisey,9,244.3,15.5,3776,3.596,351
strong,BILL,Bill Maisey,10,127.8,29.6,2174,2.071,176
strong,BILL,Bill Maisey,11,268.0,14.1,4001,3.81,156
strong,BILL,Bill Maisey,12,118.6,31.9,1943,1.85,114
strong,BILL,Bill Maisey,13,99.1,38.2,1899,1.808,13
strong,leader,Jens Geider,1,249.4,15.2,4573,4.355,677
strong,leader,Jens Geider,2,71.5,52.9,1963,1.869,660
strong,leader,Jens Geider,3,69.6,54.3,1866,1.777,644
strong,leader,Jens Geider,4,88.7,42.6,2020,1.924,625
strong,leader,Jens Geider,5,105.2,35.9,2190,2.086,597
strong,leader,Jens Geider,6,105.1,36.0,2187,2.083,559
strong,leader,Jens Geider,7,170.4,22.2,3202,3.049,556
strong,leader,Jens Geider,8,149.3,25.3,2823,2.688,507
strong,leader,Jens Geider,9,249.0,15.2,4259,4.056,475
strong,leader,Jens Geider,10,99.4,38.0,1932,1.84,328
strong,leader,Jens Geider,11,94.8,39.9,1868,1.779,202
strong,leader,Jens Geider,12,119.5,31.6,2016,1.92,80
strong,leader,Jens Geider,13,194.7,19.4,3337,3.178,4
weak,BILL,Bill Maisey,1,309.1,12.2,4622,4.402,168
weak,BILL,Bill Maisey,2,436.3,8.7,6104,5.814,54
weak,leader,Jens Geider,1,277.9,13.6,3737,3.559,259
weak,leader,Jens Geider,2,335.3,11.3,4883,4.65,150
weak,leader,Jens Geider,3,429.3,8.8,5975,5.691,406
weak,leader,Jens Geider,4,182.9,20.7,2532,2.412,323
weak,leader,Jens Geider,5,127.6,29.6,2009,1.914,322
weak,leader,Jens Geider,6,109.4,34.5,1891,1.801,235
weak,leader,Jens Geider,7,104.6,36.1,1859,1.77,120
weak,leader,Jens Geider,8,94.6,39.9,1819,1.732,6
