target,predictor,pearson_r,spearman_rho,n,sig_flag
"normalised_score (all 17, conditions-controlled)",wind speed,-0.094,0.174,17,
"normalised_score (all 17, conditions-controlled)",wind gust,-0.12,0.097,17,
"normalised_score (all 17, conditions-controlled)",radiation (thermal proxy),0.405,0.608,17,
"normalised_score (all 17, conditions-controlled)",BL height (thermal proxy),0.091,0.201,17,
"normalised_score (all 17, conditions-controlled)",temperature,-0.089,0.102,17,
"normalised_score (all 17, conditions-controlled)",time-of-day (local hour),-0.296,-0.092,17,
"laps (distance heats, n=14, conditions+skill)",wind speed,-0.091,0.04,14,
"laps (distance heats, n=14, conditions+skill)",wind gust,-0.024,0.115,14,
"laps (distance heats, n=14, conditions+skill)",radiation (thermal proxy),0.464,0.523,14,
"laps (distance heats, n=14, conditions+skill)",BL height (thermal proxy),0.201,0.132,14,
"laps (distance heats, n=14, conditions+skill)",temperature,-0.103,-0.117,14,
"laps (distance heats, n=14, conditions+skill)",time-of-day (local hour),-0.25,-0.221,14,
"speed_kmh (distance heats, n=14)",wind speed,-0.091,0.081,14,
"speed_kmh (distance heats, n=14)",wind gust,-0.052,0.11,14,
"speed_kmh (distance heats, n=14)",radiation (thermal proxy),0.176,0.244,14,
"speed_kmh (distance heats, n=14)",BL height (thermal proxy),0.06,-0.011,14,
"speed_kmh (distance heats, n=14)",temperature,-0.076,-0.002,14,
"speed_kmh (distance heats, n=14)",time-of-day (local hour),-0.236,-0.323,14,
"laps_deficit vs same-air leader (distance, n=14)",wind speed,-0.044,0.066,14,
"laps_deficit vs same-air leader (distance, n=14)",wind gust,-0.139,-0.07,14,
"laps_deficit vs same-air leader (distance, n=14)",radiation (thermal proxy),0.285,0.489,14,
"laps_deficit vs same-air leader (distance, n=14)",BL height (thermal proxy),0.015,-0.127,14,
"laps_deficit vs same-air leader (distance, n=14)",temperature,-0.17,-0.05,14,
"laps_deficit vs same-air leader (distance, n=14)",time-of-day (local hour),-0.417,-0.41,14,
